customer_id,name,loyalty_points,tier,join_date
CUST_06538,Customer CUST_06538,320,Silver,6/29/2024
CUST_02426,Customer CUST_02426,850,Gold,5/29/2024
CUST_06318,Customer CUST_06318,310,Silver,6/10/2024
CUST_08556,Customer CUST_08556,950,Gold,2/19/2025
CUST_07030,Customer CUST_07030,620,Gold,10/11/2024
CUST_08590,Customer CUST_08590,340,Silver,5/26/2024
CUST_03741,Customer CUST_03741,670,Gold,5/7/2024
CUST_04229,Customer CUST_04229,210,Bronze,4/9/2024
CUST_02472,Customer CUST_02472,560,Gold,6/2/2024
CUST_04422,Customer CUST_04422,270,Silver,11/14/2024
CUST_01686,Customer CUST_01686,1000,Gold,5/24/2024
CUST_07483,Customer CUST_07483,1000,Gold,12/11/2024
CUST_05661,Customer CUST_05661,470,Silver,2/9/2025
CUST_07969,Customer CUST_07969,690,Gold,9/21/2024
CUST_00036,Customer CUST_00036,630,Gold,6/30/2024
CUST_02993,Customer CUST_02993,200,Bronze,4/2/2024
CUST_03482,Customer CUST_03482,660,Gold,3/9/2024
CUST_09691,Customer CUST_09691,780,Gold,5/19/2024
CUST_01075,Customer CUST_01075,460,Silver,11/8/2024
CUST_07189,Customer CUST_07189,290,Silver,2/8/2025
CUST_07351,Customer CUST_07351,820,Gold,5/28/2024
CUST_07467,Customer CUST_07467,520,Gold,10/1/2024
CUST_05279,Customer CUST_05279,200,Bronze,2/14/2025
CUST_02770,Customer CUST_02770,730,Gold,3/6/2024
CUST_02078,Customer CUST_02078,590,Gold,1/13/2025
CUST_04254,Customer CUST_04254,460,Silver,2/22/2025
CUST_01552,Customer CUST_01552,970,Gold,7/7/2024
CUST_03125,Customer CUST_03125,940,Gold,2/24/2025
CUST_07197,Customer CUST_07197,500,Silver,8/21/2024
CUST_00670,Customer CUST_00670,610,Gold,11/19/2024
CUST_04865,Customer CUST_04865,310,Silver,3/28/2024
CUST_04855,Customer CUST_04855,420,Silver,10/13/2024
CUST_08018,Customer CUST_08018,420,Silver,6/28/2024
CUST_03342,Customer CUST_03342,250,Bronze,8/19/2024
CUST_01421,Customer CUST_01421,650,Gold,10/28/2024
CUST_05482,Customer CUST_05482,600,Gold,7/23/2024
CUST_05651,Customer CUST_05651,430,Silver,1/19/2025
CUST_07656,Customer CUST_07656,510,Gold,1/25/2025
CUST_07624,Customer CUST_07624,790,Gold,9/7/2024
CUST_08524,Customer CUST_08524,470,Silver,3/20/2024
CUST_07862,Customer CUST_07862,390,Silver,2/24/2025
CUST_02124,Customer CUST_02124,660,Gold,12/25/2024
CUST_08719,Customer CUST_08719,250,Bronze,12/4/2024
CUST_04762,Customer CUST_04762,400,Silver,10/21/2024
CUST_02217,Customer CUST_02217,320,Silver,6/12/2024
CUST_07131,Customer CUST_07131,660,Gold,5/1/2024
CUST_05732,Customer CUST_05732,370,Silver,11/22/2024
CUST_05550,Customer CUST_05550,440,Silver,2/7/2025
CUST_04054,Customer CUST_04054,240,Bronze,10/18/2024
CUST_04853,Customer CUST_04853,420,Silver,11/28/2024
CUST_08154,Customer CUST_08154,380,Silver,10/4/2024
CUST_03946,Customer CUST_03946,950,Gold,12/28/2024
CUST_02784,Customer CUST_02784,960,Gold,10/17/2024
CUST_08926,Customer CUST_08926,610,Gold,6/14/2024
CUST_08892,Customer CUST_08892,350,Silver,2/12/2025
CUST_06031,Customer CUST_06031,570,Gold,7/21/2024
CUST_09059,Customer CUST_09059,320,Silver,6/10/2024
CUST_01344,Customer CUST_01344,630,Gold,11/13/2024
CUST_05933,Customer CUST_05933,300,Silver,4/5/2024
CUST_00545,Customer CUST_00545,380,Silver,8/20/2024
CUST_03028,Customer CUST_03028,440,Silver,12/12/2024
CUST_09465,Customer CUST_09465,640,Gold,9/23/2024
CUST_03643,Customer CUST_03643,300,Silver,11/12/2024
CUST_00720,Customer CUST_00720,840,Gold,1/23/2025
CUST_04509,Customer CUST_04509,540,Gold,6/30/2024
CUST_09265,Customer CUST_09265,670,Gold,10/25/2024
CUST_00346,Customer CUST_00346,930,Gold,2/29/2024
CUST_01305,Customer CUST_01305,440,Silver,1/16/2025
CUST_01390,Customer CUST_01390,830,Gold,11/20/2024
CUST_02321,Customer CUST_02321,470,Silver,1/15/2025
CUST_05151,Customer CUST_05151,510,Gold,5/1/2024
CUST_01653,Customer CUST_01653,850,Gold,11/26/2024
CUST_07724,Customer CUST_07724,200,Bronze,3/16/2024
CUST_02636,Customer CUST_02636,740,Gold,5/16/2024
CUST_07140,Customer CUST_07140,760,Gold,2/3/2025
CUST_09347,Customer CUST_09347,600,Gold,3/8/2024
CUST_04811,Customer CUST_04811,260,Silver,9/18/2024
CUST_04766,Customer CUST_04766,500,Silver,10/24/2024
CUST_03114,Customer CUST_03114,300,Silver,7/29/2024
CUST_04405,Customer CUST_04405,860,Gold,4/12/2024
CUST_05113,Customer CUST_05113,670,Gold,7/15/2024
CUST_01118,Customer CUST_01118,500,Silver,1/27/2025
CUST_00538,Customer CUST_00538,720,Gold,10/22/2024
CUST_07337,Customer CUST_07337,590,Gold,9/13/2024
CUST_03805,Customer CUST_03805,900,Gold,9/21/2024
CUST_06314,Customer CUST_06314,290,Silver,9/20/2024
CUST_01472,Customer CUST_01472,380,Silver,11/10/2024
CUST_08157,Customer CUST_08157,640,Gold,7/15/2024
CUST_05796,Customer CUST_05796,590,Gold,11/13/2024
CUST_01888,Customer CUST_01888,510,Gold,10/11/2024
CUST_01101,Customer CUST_01101,240,Bronze,6/22/2024
CUST_03176,Customer CUST_03176,690,Gold,2/17/2025
CUST_01593,Customer CUST_01593,560,Gold,10/12/2024
CUST_08077,Customer CUST_08077,330,Silver,7/31/2024
CUST_05135,Customer CUST_05135,820,Gold,10/13/2024
CUST_07938,Customer CUST_07938,910,Gold,7/28/2024
CUST_02392,Customer CUST_02392,510,Gold,8/24/2024
CUST_01598,Customer CUST_01598,950,Gold,11/27/2024
CUST_04439,Customer CUST_04439,660,Gold,9/14/2024
CUST_02890,Customer CUST_02890,670,Gold,4/29/2024
CUST_06043,Customer CUST_06043,430,Silver,1/18/2025
CUST_08251,Customer CUST_08251,920,Gold,12/29/2024
CUST_02800,Customer CUST_02800,600,Gold,3/30/2024
CUST_09846,Customer CUST_09846,240,Bronze,5/15/2024
CUST_07460,Customer CUST_07460,560,Gold,4/20/2024
CUST_08749,Customer CUST_08749,610,Gold,6/5/2024
CUST_07352,Customer CUST_07352,530,Gold,10/14/2024
CUST_00203,Customer CUST_00203,560,Gold,6/16/2024
CUST_04675,Customer CUST_04675,980,Gold,9/26/2024
CUST_05582,Customer CUST_05582,230,Bronze,6/6/2024
CUST_04874,Customer CUST_04874,380,Silver,6/14/2024
CUST_09782,Customer CUST_09782,630,Gold,7/15/2024
CUST_02790,Customer CUST_02790,350,Silver,8/27/2024
CUST_03091,Customer CUST_03091,800,Gold,1/17/2025
CUST_07900,Customer CUST_07900,960,Gold,8/12/2024
CUST_08665,Customer CUST_08665,440,Silver,2/3/2025
CUST_01403,Customer CUST_01403,930,Gold,3/30/2024
CUST_05507,Customer CUST_05507,600,Gold,9/6/2024
CUST_09101,Customer CUST_09101,610,Gold,1/27/2025
CUST_01267,Customer CUST_01267,580,Gold,6/29/2024
CUST_01861,Customer CUST_01861,830,Gold,2/27/2024
CUST_02334,Customer CUST_02334,240,Bronze,2/26/2024
CUST_04579,Customer CUST_04579,280,Silver,10/7/2024
CUST_09209,Customer CUST_09209,310,Silver,2/20/2025
CUST_05230,Customer CUST_05230,280,Silver,1/6/2025
CUST_05008,Customer CUST_05008,620,Gold,6/1/2024
CUST_06992,Customer CUST_06992,210,Bronze,6/8/2024
CUST_00282,Customer CUST_00282,430,Silver,10/21/2024
CUST_09685,Customer CUST_09685,940,Gold,6/19/2024
CUST_01704,Customer CUST_01704,490,Silver,12/11/2024
CUST_04791,Customer CUST_04791,200,Bronze,3/11/2024
CUST_00600,Customer CUST_00600,260,Silver,1/17/2025
CUST_04266,Customer CUST_04266,500,Silver,10/18/2024
CUST_04175,Customer CUST_04175,360,Silver,3/9/2024
CUST_04204,Customer CUST_04204,480,Silver,6/29/2024
CUST_08330,Customer CUST_08330,560,Gold,2/13/2025
CUST_07227,Customer CUST_07227,590,Gold,2/14/2025
CUST_02299,Customer CUST_02299,250,Bronze,4/17/2024
CUST_07834,Customer CUST_07834,840,Gold,9/29/2024
CUST_02158,Customer CUST_02158,360,Silver,5/21/2024
CUST_06106,Customer CUST_06106,760,Gold,7/10/2024
CUST_02944,Customer CUST_02944,230,Bronze,7/27/2024
CUST_07195,Customer CUST_07195,690,Gold,6/30/2024
CUST_08746,Customer CUST_08746,810,Gold,5/22/2024
CUST_02072,Customer CUST_02072,410,Silver,7/13/2024
CUST_08795,Customer CUST_08795,930,Gold,2/12/2025
CUST_03977,Customer CUST_03977,220,Bronze,3/2/2024
CUST_02880,Customer CUST_02880,750,Gold,6/29/2024
CUST_06778,Customer CUST_06778,440,Silver,2/4/2025
CUST_06059,Customer CUST_06059,690,Gold,4/11/2024
CUST_09866,Customer CUST_09866,540,Gold,11/20/2024
CUST_02016,Customer CUST_02016,400,Silver,8/18/2024
CUST_06584,Customer CUST_06584,910,Gold,10/7/2024
CUST_05994,Customer CUST_05994,460,Silver,5/16/2024
CUST_04208,Customer CUST_04208,520,Gold,8/24/2024
CUST_00548,Customer CUST_00548,890,Gold,5/25/2024
CUST_04661,Customer CUST_04661,430,Silver,7/13/2024
CUST_09798,Customer CUST_09798,790,Gold,5/31/2024
CUST_08600,Customer CUST_08600,410,Silver,7/13/2024
CUST_00080,Customer CUST_00080,510,Gold,4/11/2024
CUST_03413,Customer CUST_03413,700,Gold,10/5/2024
CUST_06323,Customer CUST_06323,290,Silver,10/19/2024
CUST_06275,Customer CUST_06275,900,Gold,12/6/2024
CUST_08506,Customer CUST_08506,880,Gold,7/26/2024
CUST_00125,Customer CUST_00125,520,Gold,3/20/2024
CUST_05302,Customer CUST_05302,980,Gold,12/31/2024
CUST_07738,Customer CUST_07738,710,Gold,8/13/2024
CUST_05038,Customer CUST_05038,420,Silver,8/23/2024
CUST_08228,Customer CUST_08228,460,Silver,7/8/2024
CUST_09392,Customer CUST_09392,690,Gold,8/17/2024
CUST_07006,Customer CUST_07006,300,Silver,5/20/2024
CUST_01510,Customer CUST_01510,900,Gold,1/10/2025
CUST_01566,Customer CUST_01566,330,Silver,12/9/2024
CUST_07091,Customer CUST_07091,640,Gold,6/15/2024
CUST_04927,Customer CUST_04927,770,Gold,6/29/2024
CUST_03835,Customer CUST_03835,600,Gold,7/3/2024
CUST_07120,Customer CUST_07120,980,Gold,3/10/2024
CUST_07262,Customer CUST_07262,400,Silver,4/28/2024
CUST_02609,Customer CUST_02609,240,Bronze,11/26/2024
CUST_08584,Customer CUST_08584,200,Bronze,9/2/2024
CUST_05818,Customer CUST_05818,890,Gold,5/29/2024
CUST_06448,Customer CUST_06448,990,Gold,3/12/2024
CUST_03329,Customer CUST_03329,980,Gold,7/26/2024
CUST_05439,Customer CUST_05439,690,Gold,7/24/2024
CUST_03046,Customer CUST_03046,200,Bronze,4/13/2024
CUST_04946,Customer CUST_04946,320,Silver,9/24/2024
CUST_06956,Customer CUST_06956,350,Silver,8/7/2024
CUST_00372,Customer CUST_00372,760,Gold,7/28/2024
CUST_05099,Customer CUST_05099,720,Gold,10/1/2024
CUST_06589,Customer CUST_06589,940,Gold,1/16/2025
CUST_05492,Customer CUST_05492,430,Silver,9/15/2024
CUST_02967,Customer CUST_02967,880,Gold,9/16/2024
CUST_06782,Customer CUST_06782,860,Gold,12/13/2024
CUST_06049,Customer CUST_06049,250,Bronze,10/28/2024
CUST_08904,Customer CUST_08904,350,Silver,6/16/2024
CUST_06016,Customer CUST_06016,780,Gold,6/22/2024
CUST_05203,Customer CUST_05203,370,Silver,7/15/2024
CUST_00402,Customer CUST_00402,310,Silver,1/23/2025
CUST_07510,Customer CUST_07510,430,Silver,2/7/2025
CUST_06817,Customer CUST_06817,320,Silver,6/25/2024
CUST_01422,Customer CUST_01422,390,Silver,2/21/2025
CUST_00390,Customer CUST_00390,680,Gold,10/5/2024
CUST_06475,Customer CUST_06475,490,Silver,1/12/2025
CUST_05979,Customer CUST_05979,1000,Gold,5/5/2024
CUST_06674,Customer CUST_06674,520,Gold,3/28/2024
CUST_01230,Customer CUST_01230,590,Gold,2/19/2025
CUST_08685,Customer CUST_08685,920,Gold,4/16/2024
CUST_03136,Customer CUST_03136,700,Gold,3/6/2024
CUST_09372,Customer CUST_09372,290,Silver,7/17/2024
CUST_04716,Customer CUST_04716,420,Silver,3/6/2024
CUST_06449,Customer CUST_06449,460,Silver,12/7/2024
CUST_08166,Customer CUST_08166,880,Gold,11/30/2024
CUST_03907,Customer CUST_03907,690,Gold,12/8/2024
CUST_03172,Customer CUST_03172,560,Gold,9/3/2024
CUST_01007,Customer CUST_01007,700,Gold,9/7/2024
CUST_07136,Customer CUST_07136,920,Gold,10/13/2024
CUST_03419,Customer CUST_03419,810,Gold,2/7/2025
CUST_03229,Customer CUST_03229,470,Silver,12/24/2024
CUST_06191,Customer CUST_06191,370,Silver,7/5/2024
CUST_04965,Customer CUST_04965,560,Gold,3/10/2024
CUST_01459,Customer CUST_01459,760,Gold,7/6/2024
CUST_02474,Customer CUST_02474,730,Gold,2/27/2024
CUST_05292,Customer CUST_05292,940,Gold,1/19/2025
CUST_06600,Customer CUST_06600,350,Silver,10/4/2024
CUST_08147,Customer CUST_08147,920,Gold,11/19/2024
CUST_04880,Customer CUST_04880,470,Silver,5/17/2024
CUST_01486,Customer CUST_01486,570,Gold,1/22/2025
CUST_02483,Customer CUST_02483,740,Gold,4/24/2024
CUST_04112,Customer CUST_04112,710,Gold,4/27/2024
CUST_08843,Customer CUST_08843,590,Gold,3/21/2024
CUST_05228,Customer CUST_05228,860,Gold,2/6/2025
CUST_06779,Customer CUST_06779,480,Silver,11/19/2024
CUST_05787,Customer CUST_05787,320,Silver,2/28/2024
CUST_04146,Customer CUST_04146,690,Gold,8/26/2024
CUST_04373,Customer CUST_04373,400,Silver,7/14/2024
CUST_07451,Customer CUST_07451,980,Gold,4/9/2024
CUST_09235,Customer CUST_09235,530,Gold,6/3/2024
CUST_08485,Customer CUST_08485,430,Silver,9/30/2024
CUST_07821,Customer CUST_07821,1000,Gold,8/20/2024
CUST_06595,Customer CUST_06595,840,Gold,2/21/2025
CUST_08279,Customer CUST_08279,370,Silver,2/21/2025
CUST_02103,Customer CUST_02103,520,Gold,12/2/2024
CUST_01193,Customer CUST_01193,330,Silver,2/3/2025
CUST_06829,Customer CUST_06829,530,Gold,11/16/2024
CUST_03414,Customer CUST_03414,960,Gold,1/6/2025
CUST_06151,Customer CUST_06151,600,Gold,7/26/2024
CUST_03636,Customer CUST_03636,540,Gold,6/29/2024
CUST_03263,Customer CUST_03263,790,Gold,1/17/2025
CUST_01995,Customer CUST_01995,700,Gold,8/15/2024
CUST_07192,Customer CUST_07192,960,Gold,2/24/2025
CUST_03901,Customer CUST_03901,450,Silver,6/30/2024
CUST_06931,Customer CUST_06931,530,Gold,2/17/2025
CUST_09664,Customer CUST_09664,520,Gold,1/16/2025
CUST_04687,Customer CUST_04687,390,Silver,12/28/2024
CUST_07992,Customer CUST_07992,380,Silver,6/4/2024
CUST_08127,Customer CUST_08127,570,Gold,4/24/2024
CUST_02524,Customer CUST_02524,950,Gold,8/29/2024
CUST_05968,Customer CUST_05968,840,Gold,2/3/2025
CUST_02640,Customer CUST_02640,310,Silver,4/13/2024
CUST_03492,Customer CUST_03492,270,Silver,10/25/2024
CUST_03118,Customer CUST_03118,280,Silver,5/28/2024
CUST_01016,Customer CUST_01016,670,Gold,11/21/2024
CUST_02611,Customer CUST_02611,610,Gold,4/28/2024
CUST_05478,Customer CUST_05478,300,Silver,11/27/2024
CUST_03560,Customer CUST_03560,930,Gold,5/20/2024
CUST_01814,Customer CUST_01814,630,Gold,12/18/2024
CUST_09258,Customer CUST_09258,470,Silver,8/26/2024
CUST_09574,Customer CUST_09574,340,Silver,12/6/2024
CUST_00326,Customer CUST_00326,820,Gold,3/31/2024
CUST_05418,Customer CUST_05418,450,Silver,2/19/2025
CUST_00370,Customer CUST_00370,210,Bronze,9/9/2024
CUST_07609,Customer CUST_07609,550,Gold,11/7/2024
CUST_08215,Customer CUST_08215,620,Gold,7/28/2024
CUST_05278,Customer CUST_05278,220,Bronze,5/25/2024
CUST_02585,Customer CUST_02585,930,Gold,5/15/2024
CUST_06137,Customer CUST_06137,390,Silver,7/16/2024
CUST_03460,Customer CUST_03460,960,Gold,6/8/2024
CUST_07911,Customer CUST_07911,1000,Gold,9/10/2024
CUST_01882,Customer CUST_01882,630,Gold,4/15/2024
CUST_09746,Customer CUST_09746,620,Gold,3/17/2024
CUST_00930,Customer CUST_00930,330,Silver,5/16/2024
CUST_09818,Customer CUST_09818,720,Gold,8/17/2024
CUST_08306,Customer CUST_08306,630,Gold,8/10/2024
CUST_07497,Customer CUST_07497,960,Gold,6/18/2024
CUST_05573,Customer CUST_05573,230,Bronze,9/25/2024
CUST_06950,Customer CUST_06950,630,Gold,9/15/2024
CUST_02941,Customer CUST_02941,790,Gold,2/11/2025
CUST_05435,Customer CUST_05435,550,Gold,9/4/2024
CUST_00130,Customer CUST_00130,400,Silver,1/10/2025
CUST_06291,Customer CUST_06291,920,Gold,6/27/2024
CUST_03296,Customer CUST_03296,900,Gold,10/4/2024
CUST_09596,Customer CUST_09596,310,Silver,10/5/2024
CUST_08890,Customer CUST_08890,950,Gold,2/23/2025
CUST_00442,Customer CUST_00442,420,Silver,1/27/2025
CUST_05479,Customer CUST_05479,810,Gold,10/24/2024
CUST_09985,Customer CUST_09985,560,Gold,7/10/2024
CUST_01912,Customer CUST_01912,250,Bronze,6/19/2024
CUST_02693,Customer CUST_02693,600,Gold,4/23/2024
CUST_03367,Customer CUST_03367,480,Silver,11/18/2024
CUST_04889,Customer CUST_04889,400,Silver,6/20/2024
CUST_09115,Customer CUST_09115,700,Gold,10/3/2024
CUST_00599,Customer CUST_00599,710,Gold,7/28/2024
CUST_06999,Customer CUST_06999,860,Gold,1/10/2025
CUST_02994,Customer CUST_02994,880,Gold,1/6/2025
CUST_04845,Customer CUST_04845,240,Bronze,2/7/2025
CUST_09332,Customer CUST_09332,880,Gold,7/12/2024
CUST_03368,Customer CUST_03368,420,Silver,4/10/2024
CUST_02400,Customer CUST_02400,390,Silver,3/19/2024
CUST_06860,Customer CUST_06860,830,Gold,12/7/2024
CUST_07251,Customer CUST_07251,570,Gold,10/10/2024
CUST_05812,Customer CUST_05812,750,Gold,1/16/2025
CUST_06954,Customer CUST_06954,950,Gold,4/3/2024
CUST_02091,Customer CUST_02091,200,Bronze,5/24/2024
CUST_06307,Customer CUST_06307,570,Gold,11/10/2024
CUST_07370,Customer CUST_07370,340,Silver,6/15/2024
CUST_07220,Customer CUST_07220,730,Gold,8/11/2024
CUST_05410,Customer CUST_05410,600,Gold,6/3/2024
CUST_03217,Customer CUST_03217,250,Bronze,11/17/2024
CUST_08736,Customer CUST_08736,210,Bronze,2/18/2025
CUST_08878,Customer CUST_08878,970,Gold,11/18/2024
CUST_07710,Customer CUST_07710,910,Gold,2/18/2025
CUST_05473,Customer CUST_05473,570,Gold,4/30/2024
CUST_07426,Customer CUST_07426,870,Gold,4/24/2024
CUST_01761,Customer CUST_01761,610,Gold,1/14/2025
CUST_02713,Customer CUST_02713,710,Gold,2/18/2025
CUST_06994,Customer CUST_06994,810,Gold,10/18/2024
CUST_08555,Customer CUST_08555,390,Silver,3/3/2024
CUST_04488,Customer CUST_04488,820,Gold,3/10/2024
CUST_08409,Customer CUST_08409,340,Silver,4/29/2024
CUST_06417,Customer CUST_06417,660,Gold,3/16/2024
CUST_09490,Customer CUST_09490,450,Silver,11/30/2024
CUST_03474,Customer CUST_03474,380,Silver,8/15/2024
CUST_09792,Customer CUST_09792,820,Gold,7/17/2024
CUST_05332,Customer CUST_05332,500,Silver,2/9/2025
CUST_08151,Customer CUST_08151,360,Silver,4/4/2024
CUST_07124,Customer CUST_07124,810,Gold,10/14/2024
CUST_07026,Customer CUST_07026,850,Gold,8/5/2024
CUST_08200,Customer CUST_08200,610,Gold,12/7/2024
CUST_02592,Customer CUST_02592,700,Gold,5/16/2024
CUST_00368,Customer CUST_00368,590,Gold,9/7/2024
CUST_07804,Customer CUST_07804,660,Gold,7/21/2024
CUST_06121,Customer CUST_06121,710,Gold,12/8/2024
CUST_02397,Customer CUST_02397,290,Silver,2/6/2025
CUST_09542,Customer CUST_09542,830,Gold,12/13/2024
CUST_04418,Customer CUST_04418,850,Gold,2/13/2025
CUST_08610,Customer CUST_08610,210,Bronze,1/20/2025
CUST_06716,Customer CUST_06716,250,Bronze,1/18/2025
CUST_01776,Customer CUST_01776,680,Gold,6/14/2024
CUST_08627,Customer CUST_08627,260,Silver,6/9/2024
CUST_03056,Customer CUST_03056,630,Gold,7/31/2024
CUST_07411,Customer CUST_07411,480,Silver,5/14/2024
CUST_07412,Customer CUST_07412,490,Silver,9/14/2024
CUST_08299,Customer CUST_08299,850,Gold,8/4/2024
CUST_01136,Customer CUST_01136,650,Gold,12/10/2024
CUST_09476,Customer CUST_09476,290,Silver,10/19/2024
CUST_08207,Customer CUST_08207,780,Gold,5/12/2024
CUST_06665,Customer CUST_06665,210,Bronze,9/26/2024
CUST_00219,Customer CUST_00219,840,Gold,1/11/2025
CUST_08176,Customer CUST_08176,630,Gold,6/23/2024
CUST_08706,Customer CUST_08706,300,Silver,2/11/2025
CUST_04882,Customer CUST_04882,300,Silver,8/3/2024
CUST_03213,Customer CUST_03213,610,Gold,9/9/2024
CUST_00205,Customer CUST_00205,640,Gold,3/26/2024
CUST_02497,Customer CUST_02497,880,Gold,2/2/2025
CUST_00625,Customer CUST_00625,540,Gold,2/29/2024
CUST_03545,Customer CUST_03545,700,Gold,8/11/2024
CUST_03360,Customer CUST_03360,760,Gold,1/14/2025
CUST_01541,Customer CUST_01541,950,Gold,10/2/2024
CUST_04646,Customer CUST_04646,810,Gold,9/30/2024
CUST_02113,Customer CUST_02113,970,Gold,7/3/2024
CUST_00510,Customer CUST_00510,780,Gold,11/13/2024
CUST_03809,Customer CUST_03809,940,Gold,11/30/2024
CUST_02568,Customer CUST_02568,400,Silver,8/16/2024
CUST_02676,Customer CUST_02676,920,Gold,1/6/2025
CUST_05735,Customer CUST_05735,930,Gold,9/2/2024
CUST_03022,Customer CUST_03022,620,Gold,5/23/2024
CUST_00288,Customer CUST_00288,640,Gold,9/5/2024
CUST_01544,Customer CUST_01544,980,Gold,10/1/2024
CUST_07627,Customer CUST_07627,640,Gold,1/23/2025
CUST_01484,Customer CUST_01484,600,Gold,7/11/2024
CUST_03185,Customer CUST_03185,390,Silver,12/13/2024
CUST_06915,Customer CUST_06915,580,Gold,12/20/2024
CUST_04986,Customer CUST_04986,660,Gold,3/16/2024
CUST_05950,Customer CUST_05950,930,Gold,8/24/2024
CUST_00976,Customer CUST_00976,560,Gold,10/3/2024
CUST_05494,Customer CUST_05494,350,Silver,1/23/2025
CUST_01901,Customer CUST_01901,810,Gold,3/30/2024
CUST_07617,Customer CUST_07617,420,Silver,4/4/2024
CUST_01674,Customer CUST_01674,380,Silver,8/10/2024
CUST_02845,Customer CUST_02845,760,Gold,1/1/2025
CUST_01048,Customer CUST_01048,990,Gold,1/30/2025
CUST_07285,Customer CUST_07285,350,Silver,12/13/2024
CUST_06937,Customer CUST_06937,460,Silver,2/19/2025
CUST_05185,Customer CUST_05185,980,Gold,2/28/2024
CUST_04805,Customer CUST_04805,1000,Gold,6/10/2024
CUST_08638,Customer CUST_08638,350,Silver,8/31/2024
CUST_05009,Customer CUST_05009,230,Bronze,6/2/2024
CUST_01906,Customer CUST_01906,320,Silver,8/28/2024
CUST_07229,Customer CUST_07229,540,Gold,1/1/2025
CUST_09767,Customer CUST_09767,210,Bronze,7/27/2024
CUST_06849,Customer CUST_06849,690,Gold,2/28/2024
CUST_01554,Customer CUST_01554,470,Silver,7/21/2024
CUST_06911,Customer CUST_06911,500,Silver,1/25/2025
CUST_05553,Customer CUST_05553,300,Silver,9/26/2024
CUST_01381,Customer CUST_01381,460,Silver,1/5/2025
CUST_00680,Customer CUST_00680,780,Gold,9/3/2024
CUST_06638,Customer CUST_06638,500,Silver,9/10/2024
CUST_06883,Customer CUST_06883,920,Gold,7/23/2024
CUST_02263,Customer CUST_02263,580,Gold,2/5/2025
CUST_03979,Customer CUST_03979,710,Gold,2/12/2025
CUST_01225,Customer CUST_01225,770,Gold,3/18/2024
CUST_09920,Customer CUST_09920,500,Silver,1/7/2025
CUST_06733,Customer CUST_06733,630,Gold,10/17/2024
CUST_03791,Customer CUST_03791,260,Silver,6/17/2024
CUST_03971,Customer CUST_03971,450,Silver,6/30/2024
CUST_06696,Customer CUST_06696,480,Silver,9/27/2024
CUST_08873,Customer CUST_08873,800,Gold,6/10/2024
CUST_03036,Customer CUST_03036,490,Silver,10/3/2024
CUST_06342,Customer CUST_06342,890,Gold,10/11/2024
CUST_07676,Customer CUST_07676,340,Silver,2/25/2024
CUST_09999,Customer CUST_09999,380,Silver,8/7/2024
CUST_04997,Customer CUST_04997,480,Silver,8/30/2024
CUST_00213,Customer CUST_00213,310,Silver,8/26/2024
CUST_05368,Customer CUST_05368,780,Gold,6/16/2024
CUST_07885,Customer CUST_07885,800,Gold,10/13/2024
CUST_05424,Customer CUST_05424,610,Gold,7/4/2024
CUST_00030,Customer CUST_00030,740,Gold,8/1/2024
CUST_03265,Customer CUST_03265,570,Gold,5/4/2024
CUST_00070,Customer CUST_00070,760,Gold,2/14/2025
CUST_04498,Customer CUST_04498,230,Bronze,12/9/2024
CUST_00373,Customer CUST_00373,270,Silver,5/10/2024
CUST_04263,Customer CUST_04263,820,Gold,5/12/2024
CUST_07824,Customer CUST_07824,480,Silver,1/6/2025
CUST_09083,Customer CUST_09083,390,Silver,1/31/2025
CUST_07806,Customer CUST_07806,890,Gold,11/20/2024
CUST_02277,Customer CUST_02277,350,Silver,1/27/2025
CUST_05575,Customer CUST_05575,330,Silver,5/21/2024
CUST_00621,Customer CUST_00621,850,Gold,10/23/2024
CUST_09353,Customer CUST_09353,960,Gold,11/29/2024
CUST_02219,Customer CUST_02219,470,Silver,6/8/2024
CUST_07240,Customer CUST_07240,930,Gold,4/6/2024
CUST_07335,Customer CUST_07335,470,Silver,10/3/2024
CUST_01233,Customer CUST_01233,390,Silver,2/22/2025
CUST_00405,Customer CUST_00405,390,Silver,6/1/2024
CUST_01830,Customer CUST_01830,590,Gold,8/25/2024
CUST_09200,Customer CUST_09200,230,Bronze,4/14/2024
CUST_09915,Customer CUST_09915,540,Gold,10/26/2024
CUST_06465,Customer CUST_06465,620,Gold,11/9/2024
CUST_04242,Customer CUST_04242,900,Gold,11/11/2024
CUST_05648,Customer CUST_05648,500,Silver,8/23/2024
CUST_07078,Customer CUST_07078,470,Silver,3/21/2024
CUST_05106,Customer CUST_05106,700,Gold,1/14/2025
CUST_02494,Customer CUST_02494,690,Gold,6/20/2024
CUST_05911,Customer CUST_05911,900,Gold,8/24/2024
CUST_00871,Customer CUST_00871,340,Silver,9/3/2024
CUST_01140,Customer CUST_01140,960,Gold,2/25/2024
CUST_00444,Customer CUST_00444,480,Silver,7/30/2024
CUST_03678,Customer CUST_03678,560,Gold,12/24/2024
CUST_09400,Customer CUST_09400,280,Silver,1/30/2025
CUST_02610,Customer CUST_02610,470,Silver,9/25/2024
CUST_05547,Customer CUST_05547,760,Gold,5/16/2024
CUST_00076,Customer CUST_00076,810,Gold,3/10/2024
CUST_08740,Customer CUST_08740,740,Gold,3/20/2024
CUST_09540,Customer CUST_09540,720,Gold,8/18/2024
CUST_00634,Customer CUST_00634,480,Silver,12/4/2024
CUST_04100,Customer CUST_04100,430,Silver,6/27/2024
CUST_01340,Customer CUST_01340,270,Silver,5/12/2024
CUST_01952,Customer CUST_01952,510,Gold,5/3/2024
CUST_03109,Customer CUST_03109,220,Bronze,5/13/2024
CUST_01745,Customer CUST_01745,300,Silver,2/4/2025
CUST_00026,Customer CUST_00026,600,Gold,8/7/2024
CUST_03696,Customer CUST_03696,700,Gold,11/30/2024
CUST_07860,Customer CUST_07860,830,Gold,4/17/2024
CUST_05341,Customer CUST_05341,370,Silver,6/7/2024
CUST_06113,Customer CUST_06113,620,Gold,11/8/2024
CUST_04372,Customer CUST_04372,600,Gold,12/19/2024
CUST_03417,Customer CUST_03417,730,Gold,9/16/2024
CUST_02418,Customer CUST_02418,890,Gold,6/10/2024
CUST_07116,Customer CUST_07116,670,Gold,5/6/2024
CUST_02714,Customer CUST_02714,750,Gold,8/15/2024
CUST_00759,Customer CUST_00759,440,Silver,8/30/2024
CUST_09337,Customer CUST_09337,800,Gold,4/9/2024
CUST_02417,Customer CUST_02417,310,Silver,5/21/2024
CUST_01514,Customer CUST_01514,730,Gold,6/9/2024
CUST_02556,Customer CUST_02556,910,Gold,6/24/2024
CUST_08139,Customer CUST_08139,240,Bronze,1/13/2025
CUST_04610,Customer CUST_04610,490,Silver,3/17/2024
CUST_08416,Customer CUST_08416,490,Silver,1/12/2025
CUST_09983,Customer CUST_09983,270,Silver,10/8/2024
CUST_07455,Customer CUST_07455,230,Bronze,1/24/2025
CUST_02902,Customer CUST_02902,780,Gold,11/24/2024
CUST_05886,Customer CUST_05886,680,Gold,4/7/2024
CUST_00281,Customer CUST_00281,250,Bronze,6/13/2024
CUST_06818,Customer CUST_06818,210,Bronze,4/29/2024
CUST_00681,Customer CUST_00681,580,Gold,2/26/2024
CUST_08407,Customer CUST_08407,620,Gold,7/7/2024
CUST_02372,Customer CUST_02372,900,Gold,6/17/2024
CUST_04060,Customer CUST_04060,250,Bronze,8/19/2024
CUST_02413,Customer CUST_02413,380,Silver,2/16/2025
CUST_00428,Customer CUST_00428,860,Gold,4/5/2024
CUST_00728,Customer CUST_00728,760,Gold,9/23/2024
CUST_08011,Customer CUST_08011,340,Silver,4/29/2024
CUST_03520,Customer CUST_03520,460,Silver,1/25/2025
CUST_08450,Customer CUST_08450,960,Gold,4/23/2024
CUST_00596,Customer CUST_00596,240,Bronze,11/8/2024
CUST_01516,Customer CUST_01516,610,Gold,5/4/2024
CUST_08759,Customer CUST_08759,790,Gold,6/18/2024
CUST_03550,Customer CUST_03550,950,Gold,7/2/2024
CUST_02396,Customer CUST_02396,480,Silver,12/10/2024
CUST_08542,Customer CUST_08542,220,Bronze,6/25/2024
CUST_07809,Customer CUST_07809,810,Gold,11/26/2024
CUST_02131,Customer CUST_02131,340,Silver,7/6/2024
CUST_04511,Customer CUST_04511,760,Gold,1/29/2025
CUST_00122,Customer CUST_00122,770,Gold,4/12/2024
CUST_00101,Customer CUST_00101,770,Gold,11/5/2024
CUST_00778,Customer CUST_00778,890,Gold,12/21/2024
CUST_04323,Customer CUST_04323,460,Silver,2/22/2025
CUST_03209,Customer CUST_03209,660,Gold,7/24/2024
CUST_04933,Customer CUST_04933,280,Silver,7/10/2024
CUST_08481,Customer CUST_08481,340,Silver,1/12/2025
CUST_00707,Customer CUST_00707,570,Gold,6/25/2024
CUST_03141,Customer CUST_03141,540,Gold,9/12/2024
CUST_04404,Customer CUST_04404,630,Gold,10/27/2024
CUST_05591,Customer CUST_05591,880,Gold,7/3/2024
CUST_05399,Customer CUST_05399,620,Gold,7/19/2024
CUST_04056,Customer CUST_04056,900,Gold,7/17/2024
CUST_07760,Customer CUST_07760,890,Gold,3/5/2024
CUST_07798,Customer CUST_07798,520,Gold,4/12/2024
CUST_08919,Customer CUST_08919,1000,Gold,10/2/2024
CUST_00379,Customer CUST_00379,880,Gold,8/5/2024
CUST_05714,Customer CUST_05714,920,Gold,3/28/2024
CUST_05011,Customer CUST_05011,260,Silver,5/28/2024
CUST_03476,Customer CUST_03476,510,Gold,5/12/2024
CUST_01678,Customer CUST_01678,520,Gold,6/30/2024
CUST_09620,Customer CUST_09620,470,Silver,7/7/2024
CUST_02553,Customer CUST_02553,540,Gold,2/15/2025
CUST_03502,Customer CUST_03502,560,Gold,7/28/2024
CUST_07632,Customer CUST_07632,510,Gold,2/7/2025
CUST_04976,Customer CUST_04976,370,Silver,10/11/2024
CUST_03695,Customer CUST_03695,580,Gold,12/8/2024
CUST_02325,Customer CUST_02325,280,Silver,4/10/2024
CUST_08513,Customer CUST_08513,710,Gold,12/21/2024
CUST_02737,Customer CUST_02737,600,Gold,6/14/2024
CUST_07173,Customer CUST_07173,220,Bronze,3/25/2024
CUST_02439,Customer CUST_02439,240,Bronze,5/23/2024
CUST_03873,Customer CUST_03873,320,Silver,5/19/2024
CUST_06953,Customer CUST_06953,730,Gold,9/27/2024
CUST_06260,Customer CUST_06260,270,Silver,11/24/2024
CUST_09307,Customer CUST_09307,350,Silver,1/14/2025
CUST_01203,Customer CUST_01203,360,Silver,5/26/2024
CUST_06669,Customer CUST_06669,580,Gold,9/23/2024
CUST_03269,Customer CUST_03269,380,Silver,10/31/2024
CUST_06751,Customer CUST_06751,900,Gold,7/16/2024
CUST_06166,Customer CUST_06166,450,Silver,11/16/2024
CUST_01589,Customer CUST_01589,560,Gold,7/1/2024
CUST_09725,Customer CUST_09725,590,Gold,6/24/2024
CUST_04136,Customer CUST_04136,310,Silver,8/10/2024
CUST_04186,Customer CUST_04186,960,Gold,3/12/2024
CUST_00018,Customer CUST_00018,570,Gold,12/1/2024
CUST_04945,Customer CUST_04945,500,Silver,1/1/2025
CUST_02736,Customer CUST_02736,640,Gold,10/2/2024
CUST_05577,Customer CUST_05577,300,Silver,2/3/2025
CUST_04265,Customer CUST_04265,220,Bronze,4/6/2024
CUST_02193,Customer CUST_02193,700,Gold,9/27/2024
CUST_00493,Customer CUST_00493,710,Gold,10/20/2024
CUST_03815,Customer CUST_03815,460,Silver,1/12/2025
CUST_04419,Customer CUST_04419,900,Gold,6/20/2024
CUST_08068,Customer CUST_08068,250,Bronze,6/18/2024
CUST_09043,Customer CUST_09043,620,Gold,2/25/2024
CUST_02407,Customer CUST_02407,850,Gold,12/28/2024
CUST_04722,Customer CUST_04722,330,Silver,7/11/2024
CUST_05901,Customer CUST_05901,300,Silver,5/19/2024
CUST_04750,Customer CUST_04750,520,Gold,6/27/2024
CUST_01252,Customer CUST_01252,950,Gold,3/16/2024
CUST_00302,Customer CUST_00302,710,Gold,2/12/2025
CUST_08628,Customer CUST_08628,870,Gold,2/5/2025
CUST_04519,Customer CUST_04519,500,Silver,4/20/2024
CUST_04592,Customer CUST_04592,650,Gold,1/25/2025
CUST_00384,Customer CUST_00384,520,Gold,9/20/2024
CUST_05927,Customer CUST_05927,260,Silver,1/20/2025
CUST_03767,Customer CUST_03767,370,Silver,8/11/2024
CUST_03174,Customer CUST_03174,410,Silver,12/7/2024
CUST_05353,Customer CUST_05353,540,Gold,10/19/2024
CUST_07748,Customer CUST_07748,570,Gold,7/5/2024
CUST_01476,Customer CUST_01476,690,Gold,3/27/2024
CUST_02794,Customer CUST_02794,490,Silver,11/4/2024
CUST_05087,Customer CUST_05087,530,Gold,2/17/2025
CUST_07403,Customer CUST_07403,820,Gold,5/12/2024
CUST_07059,Customer CUST_07059,580,Gold,10/8/2024
CUST_01950,Customer CUST_01950,620,Gold,3/21/2024
CUST_08569,Customer CUST_08569,290,Silver,8/15/2024
CUST_00558,Customer CUST_00558,420,Silver,7/12/2024
CUST_05885,Customer CUST_05885,780,Gold,2/25/2024
CUST_08987,Customer CUST_08987,250,Bronze,8/12/2024
CUST_05867,Customer CUST_05867,350,Silver,2/27/2024
CUST_09085,Customer CUST_09085,460,Silver,8/6/2024
CUST_06718,Customer CUST_06718,300,Silver,3/25/2024
CUST_08017,Customer CUST_08017,420,Silver,9/20/2024
CUST_06664,Customer CUST_06664,490,Silver,10/6/2024
CUST_03489,Customer CUST_03489,640,Gold,10/26/2024
CUST_09509,Customer CUST_09509,1000,Gold,12/23/2024
CUST_04428,Customer CUST_04428,420,Silver,11/2/2024
CUST_09309,Customer CUST_09309,650,Gold,1/13/2025
CUST_01586,Customer CUST_01586,290,Silver,10/8/2024
CUST_07402,Customer CUST_07402,290,Silver,6/8/2024
CUST_06497,Customer CUST_06497,590,Gold,2/25/2024
CUST_09179,Customer CUST_09179,530,Gold,5/16/2024
CUST_00145,Customer CUST_00145,620,Gold,4/17/2024
CUST_01503,Customer CUST_01503,450,Silver,9/18/2024
CUST_09305,Customer CUST_09305,390,Silver,6/26/2024
CUST_00251,Customer CUST_00251,270,Silver,3/29/2024
CUST_00017,Customer CUST_00017,850,Gold,6/27/2024
CUST_08467,Customer CUST_08467,220,Bronze,3/21/2024
CUST_07049,Customer CUST_07049,580,Gold,7/18/2024
CUST_06023,Customer CUST_06023,270,Silver,7/30/2024
CUST_06983,Customer CUST_06983,440,Silver,11/20/2024
CUST_04759,Customer CUST_04759,900,Gold,10/2/2024
CUST_08191,Customer CUST_08191,870,Gold,9/11/2024
CUST_09397,Customer CUST_09397,740,Gold,11/29/2024
CUST_05520,Customer CUST_05520,380,Silver,7/4/2024
CUST_03948,Customer CUST_03948,690,Gold,11/3/2024
CUST_00527,Customer CUST_00527,770,Gold,11/21/2024
CUST_02603,Customer CUST_02603,250,Bronze,7/27/2024
CUST_07852,Customer CUST_07852,490,Silver,10/8/2024
CUST_06486,Customer CUST_06486,200,Bronze,12/23/2024
CUST_09597,Customer CUST_09597,920,Gold,11/24/2024
CUST_03242,Customer CUST_03242,300,Silver,3/11/2024
CUST_03974,Customer CUST_03974,230,Bronze,8/4/2024
CUST_06150,Customer CUST_06150,990,Gold,5/22/2024
CUST_02310,Customer CUST_02310,720,Gold,4/15/2024
CUST_07286,Customer CUST_07286,480,Silver,8/20/2024
CUST_08538,Customer CUST_08538,520,Gold,5/1/2024
CUST_00083,Customer CUST_00083,690,Gold,12/5/2024
CUST_03909,Customer CUST_03909,520,Gold,1/11/2025
CUST_06414,Customer CUST_06414,450,Silver,5/29/2024
CUST_07147,Customer CUST_07147,330,Silver,6/28/2024
CUST_03534,Customer CUST_03534,530,Gold,8/11/2024
CUST_04346,Customer CUST_04346,280,Silver,1/7/2025
CUST_03662,Customer CUST_03662,690,Gold,3/2/2024
CUST_08856,Customer CUST_08856,640,Gold,12/4/2024
CUST_06668,Customer CUST_06668,390,Silver,4/22/2024
CUST_06245,Customer CUST_06245,960,Gold,6/24/2024
CUST_01604,Customer CUST_01604,800,Gold,1/24/2025
CUST_08809,Customer CUST_08809,800,Gold,8/14/2024
CUST_03371,Customer CUST_03371,590,Gold,12/8/2024
CUST_08202,Customer CUST_08202,620,Gold,2/16/2025
CUST_09189,Customer CUST_09189,220,Bronze,6/28/2024
CUST_04821,Customer CUST_04821,290,Silver,4/9/2024
CUST_03207,Customer CUST_03207,230,Bronze,2/12/2025
CUST_03602,Customer CUST_03602,250,Bronze,12/4/2024
CUST_04937,Customer CUST_04937,870,Gold,5/17/2024
CUST_08984,Customer CUST_08984,750,Gold,11/17/2024
CUST_09341,Customer CUST_09341,540,Gold,9/29/2024
CUST_04950,Customer CUST_04950,970,Gold,6/5/2024
CUST_06536,Customer CUST_06536,310,Silver,12/20/2024
CUST_03761,Customer CUST_03761,740,Gold,12/12/2024
CUST_00573,Customer CUST_00573,280,Silver,6/25/2024
CUST_03629,Customer CUST_03629,950,Gold,12/19/2024
CUST_02068,Customer CUST_02068,550,Gold,6/5/2024
CUST_07787,Customer CUST_07787,480,Silver,1/21/2025
CUST_01017,Customer CUST_01017,1000,Gold,5/5/2024
CUST_09173,Customer CUST_09173,940,Gold,1/25/2025
CUST_04999,Customer CUST_04999,510,Gold,2/29/2024
CUST_05488,Customer CUST_05488,810,Gold,7/8/2024
CUST_03896,Customer CUST_03896,770,Gold,3/6/2024
CUST_04781,Customer CUST_04781,770,Gold,10/4/2024
CUST_03146,Customer CUST_03146,450,Silver,7/26/2024
CUST_02462,Customer CUST_02462,830,Gold,2/16/2025
CUST_04423,Customer CUST_04423,760,Gold,2/13/2025
CUST_02133,Customer CUST_02133,780,Gold,7/2/2024
CUST_00504,Customer CUST_00504,860,Gold,4/23/2024
CUST_00218,Customer CUST_00218,620,Gold,6/7/2024
CUST_08175,Customer CUST_08175,780,Gold,4/10/2024
CUST_01810,Customer CUST_01810,730,Gold,2/9/2025
CUST_02756,Customer CUST_02756,800,Gold,4/1/2024
CUST_01358,Customer CUST_01358,910,Gold,10/31/2024
CUST_00174,Customer CUST_00174,460,Silver,2/27/2024
CUST_04013,Customer CUST_04013,480,Silver,12/15/2024
CUST_03628,Customer CUST_03628,420,Silver,5/29/2024
CUST_05741,Customer CUST_05741,540,Gold,10/3/2024
CUST_01415,Customer CUST_01415,620,Gold,10/26/2024
CUST_01614,Customer CUST_01614,750,Gold,10/29/2024
CUST_07355,Customer CUST_07355,720,Gold,6/25/2024
CUST_02033,Customer CUST_02033,480,Silver,7/12/2024
CUST_02973,Customer CUST_02973,260,Silver,7/7/2024
CUST_06723,Customer CUST_06723,890,Gold,6/8/2024
CUST_05211,Customer CUST_05211,740,Gold,1/7/2025
CUST_04793,Customer CUST_04793,540,Gold,7/9/2024
CUST_06847,Customer CUST_06847,510,Gold,2/4/2025
CUST_09502,Customer CUST_09502,550,Gold,1/1/2025
CUST_03384,Customer CUST_03384,240,Bronze,2/27/2024
CUST_07559,Customer CUST_07559,810,Gold,2/22/2025
CUST_05556,Customer CUST_05556,260,Silver,3/6/2024
CUST_03669,Customer CUST_03669,710,Gold,3/13/2024
CUST_06590,Customer CUST_06590,960,Gold,8/17/2024
CUST_04659,Customer CUST_04659,730,Gold,2/27/2024
CUST_05145,Customer CUST_05145,340,Silver,11/9/2024
CUST_06629,Customer CUST_06629,530,Gold,2/28/2024
CUST_01063,Customer CUST_01063,510,Gold,1/11/2025
CUST_08298,Customer CUST_08298,610,Gold,6/3/2024
CUST_05213,Customer CUST_05213,870,Gold,11/17/2024
CUST_00635,Customer CUST_00635,240,Bronze,7/9/2024
CUST_05090,Customer CUST_05090,980,Gold,3/30/2024
CUST_06496,Customer CUST_06496,800,Gold,4/10/2024
CUST_06258,Customer CUST_06258,630,Gold,5/23/2024
CUST_02012,Customer CUST_02012,280,Silver,12/28/2024
CUST_06081,Customer CUST_06081,370,Silver,2/3/2025
CUST_00972,Customer CUST_00972,860,Gold,3/6/2024
CUST_07211,Customer CUST_07211,880,Gold,3/17/2024
CUST_07152,Customer CUST_07152,230,Bronze,5/11/2024
CUST_09454,Customer CUST_09454,940,Gold,7/30/2024
CUST_07194,Customer CUST_07194,320,Silver,8/12/2024
CUST_00198,Customer CUST_00198,280,Silver,12/12/2024
CUST_03731,Customer CUST_03731,430,Silver,6/4/2024
CUST_04218,Customer CUST_04218,620,Gold,4/30/2024
CUST_09786,Customer CUST_09786,700,Gold,8/31/2024
CUST_08046,Customer CUST_08046,320,Silver,1/1/2025
CUST_04800,Customer CUST_04800,650,Gold,1/16/2025
CUST_07215,Customer CUST_07215,650,Gold,5/1/2024
CUST_06152,Customer CUST_06152,710,Gold,1/12/2025
CUST_03351,Customer CUST_03351,610,Gold,12/19/2024
CUST_08122,Customer CUST_08122,530,Gold,9/29/2024
CUST_02150,Customer CUST_02150,780,Gold,3/2/2024
CUST_06596,Customer CUST_06596,630,Gold,6/24/2024
CUST_07214,Customer CUST_07214,760,Gold,6/11/2024
CUST_00472,Customer CUST_00472,1000,Gold,9/4/2024
CUST_06646,Customer CUST_06646,940,Gold,11/28/2024
CUST_00183,Customer CUST_00183,670,Gold,12/16/2024
CUST_07038,Customer CUST_07038,210,Bronze,12/29/2024
CUST_01709,Customer CUST_01709,350,Silver,8/26/2024
CUST_02388,Customer CUST_02388,960,Gold,9/24/2024
CUST_08091,Customer CUST_08091,760,Gold,7/29/2024
CUST_09391,Customer CUST_09391,930,Gold,11/25/2024
CUST_02883,Customer CUST_02883,960,Gold,2/3/2025
CUST_03452,Customer CUST_03452,360,Silver,5/16/2024
CUST_04245,Customer CUST_04245,330,Silver,10/23/2024
CUST_04255,Customer CUST_04255,670,Gold,6/1/2024
CUST_01925,Customer CUST_01925,240,Bronze,5/19/2024
CUST_09588,Customer CUST_09588,900,Gold,5/23/2024
CUST_04720,Customer CUST_04720,330,Silver,3/2/2024
CUST_09762,Customer CUST_09762,640,Gold,7/13/2024
CUST_09367,Customer CUST_09367,320,Silver,12/30/2024
CUST_05621,Customer CUST_05621,590,Gold,5/4/2024
CUST_05329,Customer CUST_05329,400,Silver,5/9/2024
CUST_02376,Customer CUST_02376,240,Bronze,1/22/2025
CUST_02651,Customer CUST_02651,950,Gold,10/25/2024
CUST_09249,Customer CUST_09249,870,Gold,12/1/2024
CUST_05262,Customer CUST_05262,630,Gold,10/25/2024
CUST_02461,Customer CUST_02461,780,Gold,11/22/2024
CUST_02526,Customer CUST_02526,530,Gold,8/5/2024
CUST_09423,Customer CUST_09423,550,Gold,6/17/2024
CUST_05187,Customer CUST_05187,1000,Gold,7/4/2024
CUST_06116,Customer CUST_06116,510,Gold,5/2/2024
CUST_08771,Customer CUST_08771,430,Silver,10/8/2024
CUST_03058,Customer CUST_03058,410,Silver,11/23/2024
CUST_01208,Customer CUST_01208,460,Silver,1/7/2025
CUST_02437,Customer CUST_02437,270,Silver,1/23/2025
CUST_03299,Customer CUST_03299,890,Gold,6/22/2024
CUST_01956,Customer CUST_01956,680,Gold,5/27/2024
CUST_05551,Customer CUST_05551,380,Silver,12/1/2024
CUST_08707,Customer CUST_08707,470,Silver,3/20/2024
CUST_00819,Customer CUST_00819,650,Gold,10/31/2024
CUST_01244,Customer CUST_01244,800,Gold,6/15/2024
CUST_05156,Customer CUST_05156,740,Gold,6/13/2024
CUST_08427,Customer CUST_08427,840,Gold,2/29/2024
CUST_09277,Customer CUST_09277,840,Gold,2/19/2025
CUST_02793,Customer CUST_02793,730,Gold,4/23/2024
CUST_06785,Customer CUST_06785,350,Silver,11/5/2024
CUST_04494,Customer CUST_04494,330,Silver,1/16/2025
CUST_01642,Customer CUST_01642,920,Gold,7/2/2024
CUST_05207,Customer CUST_05207,770,Gold,6/23/2024
CUST_09779,Customer CUST_09779,840,Gold,12/30/2024
CUST_06346,Customer CUST_06346,370,Silver,4/3/2024
CUST_06510,Customer CUST_06510,800,Gold,5/8/2024
CUST_09069,Customer CUST_09069,810,Gold,5/24/2024
CUST_03840,Customer CUST_03840,470,Silver,12/2/2024
CUST_03231,Customer CUST_03231,410,Silver,10/17/2024
CUST_06350,Customer CUST_06350,340,Silver,8/9/2024
CUST_04315,Customer CUST_04315,870,Gold,2/19/2025
CUST_00818,Customer CUST_00818,980,Gold,1/25/2025
CUST_01869,Customer CUST_01869,660,Gold,5/17/2024
CUST_03821,Customer CUST_03821,360,Silver,10/5/2024
CUST_00032,Customer CUST_00032,720,Gold,6/22/2024
CUST_09488,Customer CUST_09488,650,Gold,12/23/2024
CUST_03195,Customer CUST_03195,520,Gold,7/31/2024
CUST_09998,Customer CUST_09998,540,Gold,6/19/2024
CUST_08414,Customer CUST_08414,630,Gold,2/8/2025
CUST_07788,Customer CUST_07788,250,Bronze,8/26/2024
CUST_07204,Customer CUST_07204,740,Gold,3/15/2024
CUST_05483,Customer CUST_05483,910,Gold,3/4/2024
CUST_05264,Customer CUST_05264,370,Silver,12/17/2024
CUST_05224,Customer CUST_05224,360,Silver,7/22/2024
CUST_00859,Customer CUST_00859,610,Gold,12/21/2024
CUST_01754,Customer CUST_01754,800,Gold,4/22/2024
CUST_05742,Customer CUST_05742,250,Bronze,4/12/2024
CUST_09390,Customer CUST_09390,410,Silver,5/3/2024
CUST_06014,Customer CUST_06014,250,Bronze,12/9/2024
CUST_03760,Customer CUST_03760,770,Gold,11/5/2024
CUST_04124,Customer CUST_04124,920,Gold,9/3/2024
CUST_03179,Customer CUST_03179,550,Gold,4/20/2024
CUST_05545,Customer CUST_05545,800,Gold,9/18/2024
CUST_02198,Customer CUST_02198,300,Silver,1/12/2025
CUST_07726,Customer CUST_07726,800,Gold,4/19/2024
CUST_02122,Customer CUST_02122,240,Bronze,1/16/2025
CUST_09227,Customer CUST_09227,840,Gold,7/25/2024
CUST_03754,Customer CUST_03754,450,Silver,6/15/2024
CUST_05633,Customer CUST_05633,760,Gold,12/7/2024
CUST_02273,Customer CUST_02273,540,Gold,4/7/2024
CUST_01111,Customer CUST_01111,410,Silver,8/27/2024
CUST_01190,Customer CUST_01190,970,Gold,9/19/2024
CUST_06684,Customer CUST_06684,740,Gold,4/4/2024
CUST_04224,Customer CUST_04224,450,Silver,12/6/2024
CUST_07324,Customer CUST_07324,1000,Gold,5/19/2024
CUST_06741,Customer CUST_06741,900,Gold,8/11/2024
CUST_06347,Customer CUST_06347,680,Gold,4/6/2024
CUST_08769,Customer CUST_08769,460,Silver,10/30/2024
CUST_09375,Customer CUST_09375,740,Gold,7/11/2024
CUST_05123,Customer CUST_05123,380,Silver,11/20/2024
CUST_04612,Customer CUST_04612,640,Gold,10/17/2024
CUST_03967,Customer CUST_03967,830,Gold,7/7/2024
CUST_04665,Customer CUST_04665,490,Silver,12/3/2024
CUST_07927,Customer CUST_07927,510,Gold,3/9/2024
CUST_03927,Customer CUST_03927,980,Gold,8/3/2024
CUST_01618,Customer CUST_01618,550,Gold,8/22/2024
CUST_02926,Customer CUST_02926,330,Silver,10/23/2024
CUST_07597,Customer CUST_07597,270,Silver,4/8/2024
CUST_06918,Customer CUST_06918,410,Silver,12/12/2024
CUST_00820,Customer CUST_00820,470,Silver,7/11/2024
CUST_05834,Customer CUST_05834,580,Gold,2/16/2025
CUST_01226,Customer CUST_01226,480,Silver,9/11/2024
CUST_05335,Customer CUST_05335,620,Gold,8/26/2024
CUST_02930,Customer CUST_02930,830,Gold,10/1/2024
CUST_07996,Customer CUST_07996,760,Gold,4/14/2024
CUST_03274,Customer CUST_03274,680,Gold,3/3/2024
CUST_02356,Customer CUST_02356,920,Gold,7/2/2024
CUST_00882,Customer CUST_00882,610,Gold,3/2/2024
CUST_03017,Customer CUST_03017,560,Gold,12/15/2024
CUST_03737,Customer CUST_03737,310,Silver,4/14/2024
CUST_04783,Customer CUST_04783,520,Gold,3/28/2024
CUST_03376,Customer CUST_03376,320,Silver,5/2/2024
CUST_03564,Customer CUST_03564,810,Gold,8/20/2024
CUST_04804,Customer CUST_04804,230,Bronze,3/7/2024
CUST_00234,Customer CUST_00234,660,Gold,9/30/2024
CUST_08563,Customer CUST_08563,1000,Gold,3/7/2024
CUST_01223,Customer CUST_01223,900,Gold,3/21/2024
CUST_01548,Customer CUST_01548,550,Gold,7/9/2024
CUST_05172,Customer CUST_05172,770,Gold,8/19/2024
CUST_06376,Customer CUST_06376,490,Silver,4/23/2024
CUST_09631,Customer CUST_09631,910,Gold,12/20/2024
CUST_09260,Customer CUST_09260,530,Gold,8/12/2024
CUST_06147,Customer CUST_06147,410,Silver,7/4/2024
CUST_09187,Customer CUST_09187,290,Silver,2/17/2025
CUST_08586,Customer CUST_08586,930,Gold,2/12/2025
CUST_00534,Customer CUST_00534,970,Gold,5/24/2024
CUST_00322,Customer CUST_00322,920,Gold,11/29/2024
CUST_09606,Customer CUST_09606,510,Gold,7/10/2024
CUST_04480,Customer CUST_04480,840,Gold,6/26/2024
CUST_04076,Customer CUST_04076,460,Silver,7/22/2024
CUST_03981,Customer CUST_03981,750,Gold,4/28/2024
CUST_08558,Customer CUST_08558,340,Silver,11/27/2024
CUST_07301,Customer CUST_07301,960,Gold,1/5/2025
CUST_05929,Customer CUST_05929,890,Gold,5/3/2024
CUST_09192,Customer CUST_09192,460,Silver,12/21/2024
CUST_06671,Customer CUST_06671,300,Silver,9/7/2024
CUST_02639,Customer CUST_02639,850,Gold,10/26/2024
CUST_06984,Customer CUST_06984,330,Silver,12/18/2024
CUST_00569,Customer CUST_00569,850,Gold,7/5/2024
CUST_07429,Customer CUST_07429,520,Gold,5/28/2024
CUST_06916,Customer CUST_06916,390,Silver,10/12/2024
CUST_03705,Customer CUST_03705,360,Silver,3/10/2024
CUST_06226,Customer CUST_06226,1000,Gold,10/12/2024
CUST_00831,Customer CUST_00831,350,Silver,6/7/2024
CUST_01670,Customer CUST_01670,830,Gold,6/25/2024
CUST_01052,Customer CUST_01052,980,Gold,6/15/2024
CUST_03187,Customer CUST_03187,550,Gold,7/30/2024
CUST_03603,Customer CUST_03603,820,Gold,11/12/2024
CUST_09570,Customer CUST_09570,340,Silver,8/27/2024
CUST_06285,Customer CUST_06285,950,Gold,8/17/2024
CUST_04278,Customer CUST_04278,500,Silver,5/14/2024
CUST_03839,Customer CUST_03839,210,Bronze,2/21/2025
CUST_09004,Customer CUST_09004,720,Gold,11/8/2024
CUST_04023,Customer CUST_04023,490,Silver,8/15/2024
CUST_06287,Customer CUST_06287,220,Bronze,7/11/2024
CUST_02346,Customer CUST_02346,580,Gold,7/12/2024
CUST_02547,Customer CUST_02547,810,Gold,6/12/2024
CUST_06122,Customer CUST_06122,980,Gold,11/13/2024
CUST_03481,Customer CUST_03481,630,Gold,5/23/2024
CUST_03220,Customer CUST_03220,390,Silver,4/19/2024
CUST_05813,Customer CUST_05813,780,Gold,10/2/2024
CUST_06326,Customer CUST_06326,920,Gold,5/8/2024
CUST_00873,Customer CUST_00873,360,Silver,8/16/2024
CUST_09530,Customer CUST_09530,440,Silver,3/18/2024
CUST_02084,Customer CUST_02084,450,Silver,10/5/2024
CUST_00678,Customer CUST_00678,740,Gold,11/7/2024
CUST_00654,Customer CUST_00654,200,Bronze,3/18/2024
CUST_06838,Customer CUST_06838,670,Gold,1/28/2025
CUST_07207,Customer CUST_07207,580,Gold,2/24/2025
CUST_05431,Customer CUST_05431,740,Gold,10/3/2024
CUST_06400,Customer CUST_06400,690,Gold,11/29/2024
CUST_02026,Customer CUST_02026,380,Silver,1/6/2025
CUST_08595,Customer CUST_08595,280,Silver,3/31/2024
CUST_09577,Customer CUST_09577,440,Silver,10/15/2024
CUST_05574,Customer CUST_05574,820,Gold,5/3/2024
CUST_05496,Customer CUST_05496,850,Gold,3/28/2024
CUST_05772,Customer CUST_05772,410,Silver,5/31/2024
CUST_09801,Customer CUST_09801,410,Silver,1/11/2025
CUST_03429,Customer CUST_03429,790,Gold,9/10/2024
CUST_03818,Customer CUST_03818,480,Silver,12/21/2024
CUST_05349,Customer CUST_05349,220,Bronze,11/24/2024
CUST_07944,Customer CUST_07944,310,Silver,5/7/2024
CUST_07999,Customer CUST_07999,260,Silver,3/13/2024
CUST_03186,Customer CUST_03186,970,Gold,12/23/2024
CUST_07495,Customer CUST_07495,560,Gold,3/5/2024
CUST_07977,Customer CUST_07977,230,Bronze,11/3/2024
CUST_03107,Customer CUST_03107,670,Gold,4/2/2024
CUST_06702,Customer CUST_06702,430,Silver,3/6/2024
CUST_02912,Customer CUST_02912,970,Gold,4/5/2024
CUST_05502,Customer CUST_05502,940,Gold,8/26/2024
CUST_02527,Customer CUST_02527,660,Gold,10/2/2024
CUST_01582,Customer CUST_01582,860,Gold,11/29/2024
CUST_06360,Customer CUST_06360,300,Silver,10/24/2024
CUST_01492,Customer CUST_01492,710,Gold,10/19/2024
CUST_09944,Customer CUST_09944,520,Gold,3/21/2024
CUST_00089,Customer CUST_00089,220,Bronze,7/17/2024
CUST_02226,Customer CUST_02226,250,Bronze,1/14/2025
CUST_07469,Customer CUST_07469,990,Gold,10/15/2024
CUST_04926,Customer CUST_04926,850,Gold,12/25/2024
CUST_05919,Customer CUST_05919,310,Silver,4/10/2024
CUST_05677,Customer CUST_05677,600,Gold,3/25/2024
CUST_07163,Customer CUST_07163,350,Silver,12/21/2024
CUST_04446,Customer CUST_04446,950,Gold,2/20/2025
CUST_09684,Customer CUST_09684,580,Gold,12/28/2024
CUST_04546,Customer CUST_04546,950,Gold,6/2/2024
CUST_07895,Customer CUST_07895,980,Gold,10/24/2024
CUST_08443,Customer CUST_08443,220,Bronze,12/7/2024
